   0.03000,   0.00000
  -0.39209,   0.00000
   0.72322,   1.00000
  -0.67645,   0.00000
  -0.99723,   0.00000
  -0.11403,   0.00000
   0.35431,   0.00000
   0.93582,   0.00000
   0.24022,   0.00000
  -0.61929,   1.00000
  -0.56002,   0.00000
   0.07696,   1.00000
  -0.50917,   0.00000
   0.76855,   0.00000
   0.81142,   0.00000
  -0.65301,   0.00000
  -0.80401,   0.00000
   0.64009,   1.00000
   0.89134,   0.00000
  -0.13405,   0.00000
  -0.46405,   1.00000
  -0.17051,   0.00000
  -0.77843,   0.00000
   0.39510,   0.00000
  -0.87914,   0.00000
   0.61139,   1.00000
   0.78471,   0.00000
   0.82272,   0.00000
   0.61588,   0.00000
   0.11429,   0.00000
  -0.26265,   1.00000
   0.61579,   1.00000
  -0.47584,   1.00000
  -0.25995,   1.00000
   0.11185,   0.00000
   0.85417,   0.00000
  -0.39763,   1.00000
  -0.28293,   0.00000
  -0.47305,   0.00000
   0.15775,   0.00000
  -0.94338,   1.00000
   0.22775,   0.00000
   0.90710,   0.00000
  -0.45479,   0.00000
  -0.99360,   0.00000
   0.50219,   0.00000
  -0.45167,   0.00000
   0.33848,   0.00000
   0.89701,   0.00000
   0.09528,   1.00000
  -0.53776,   0.00000
   0.30011,   0.00000
   0.59624,   0.00000
   0.98667,   0.00000
  -0.77467,   1.00000
   0.90445,   0.00000
   0.25228,   0.00000
  -0.22561,   1.00000
  -0.44367,   1.00000
  -0.46550,   0.00000
  -0.98920,   0.00000
   0.70950,   0.00000
  -0.26612,   0.00000
  -0.29392,   0.00000
   0.80718,   0.00000
  -0.05222,   0.00000
  -0.01829,   0.00000
  -0.04386,   0.00000
   0.78441,   1.00000
   0.56374,   0.00000
   0.58778,   1.00000
  -0.48823,   1.00000
   0.79503,   0.00000
   0.52610,   1.00000
   0.64193,   0.00000
   0.02456,   0.00000
   0.99012,   1.00000
   0.16305,   1.00000
   0.01052,   0.00000
  -0.23547,   0.00000
  -0.90960,   1.00000
  -0.51718,   0.00000
   0.05202,   0.00000
   0.37658,   0.00000
  -0.51015,   0.00000
  -0.28946,   1.00000
  -0.94945,   0.00000
  -0.82779,   0.00000
  -0.20385,   1.00000
  -0.54390,   0.00000
   0.59299,   1.00000
   0.61564,   0.00000
  -0.21889,   0.00000
  -0.92798,   0.00000
   0.63879,   0.00000
   0.59099,   0.00000
  -0.39573,   1.00000
   0.00954,   1.00000
  -0.34802,   0.00000
   0.39167,   0.00000
   0.12359,   0.00000
  -0.11502,   0.00000
   0.73479,   0.00000
   0.44467,   0.00000
  -0.61079,   0.00000
   0.14401,   0.00000
   0.61835,   0.00000
   0.50291,   0.00000
   0.88568,   1.00000
  -0.20193,   0.00000
  -0.89867,   0.00000
  -0.71336,   0.00000
  -0.35592,   0.00000
   0.52176,   0.00000
  -0.48409,   0.00000
  -0.52942,   0.00000
  -0.18414,   1.00000
   0.73105,   0.00000
   0.43941,   0.00000
  -0.16115,   0.00000
   0.62495,   0.00000
  -0.20760,   0.00000
  -0.20422,   0.00000
   0.01923,   0.00000
  -0.27954,   0.00000
  -0.52509,   0.00000
   0.72101,   1.00000
   0.67773,   0.00000
  -0.69218,   1.00000
  -0.88730,   0.00000
   0.01075,   1.00000
  -0.51733,   0.00000
  -0.23987,   0.00000
   0.88917,   0.00000
  -0.13412,   0.00000
   0.10679,   1.00000
   0.12801,   1.00000
  -0.60830,   0.00000
  -0.16017,   0.00000
  -0.20924,   0.00000
   0.73109,   1.00000
  -0.04466,   0.00000
   0.00173,   1.00000
   0.38249,   0.00000
   0.99274,   0.00000
   0.78024,   0.00000
  -0.95072,   1.00000
   0.92661,   0.00000
  -0.96605,   0.00000
  -0.07649,   0.00000
   0.23868,   0.00000
   0.14776,   0.00000
  -0.76575,   1.00000
  -0.54182,   0.00000
   0.98331,   0.00000
   0.81574,   1.00000
   0.41445,   0.00000
   0.62052,   1.00000
  -0.84771,   0.00000
   0.89246,   0.00000
  -0.35467,   1.00000
  -0.38397,   0.00000
  -0.42607,   0.00000
   0.39952,   0.00000
  -0.44327,   0.00000
  -0.08989,   1.00000
  -0.40069,   0.00000
   0.08337,   0.00000
  -0.47498,   0.00000
   0.35655,   1.00000
   0.01216,   0.00000
  -0.19876,   0.00000
   0.84533,   0.00000
  -0.42891,   0.00000
  -0.24306,   0.00000
  -0.81936,   1.00000
   0.22331,   0.00000
   0.67021,   0.00000
  -0.10163,   1.00000
  -0.79915,   0.00000
   0.59277,   1.00000
   0.84713,   0.00000
   0.48901,   0.00000
  -0.66463,   0.00000
   0.32454,   1.00000
   0.26664,   0.00000
  -0.52287,   0.00000
   0.42259,   1.00000
  -0.16957,   0.00000
  -0.40421,   0.00000
   0.43453,   1.00000
   0.99269,   0.00000
   0.78390,   0.00000
  -0.59493,   0.00000
   0.04980,   0.00000
   0.68137,   0.00000
   0.79915,   0.00000
   0.99765,   0.00000
   0.24464,   1.00000
  -0.62306,   0.00000
  -0.26396,   0.00000
  -0.76629,   1.00000
   0.36476,   0.00000
   0.01521,   0.00000
   0.24341,   0.00000
  -0.49778,   0.00000
  -0.92892,   1.00000
  -0.21392,   0.00000
   0.24888,   0.00000
   0.54579,   0.00000
  -0.15817,   1.00000
   0.10903,   0.00000
   0.25202,   1.00000
   0.30435,   0.00000
  -0.22749,   0.00000
  -0.28080,   0.00000
  -0.61510,   0.00000
  -0.45375,   1.00000
  -0.73241,   0.00000
  -0.44901,   1.00000
   0.94154,   0.00000
   0.81838,   0.00000
  -0.67584,   0.00000
  -0.17869,   0.00000
   0.07432,   0.00000
  -0.87310,   0.00000
   0.32358,   1.00000
  -0.75286,   0.00000
  -0.43610,   1.00000
   0.12728,   1.00000
   0.61019,   0.00000
  -0.58070,   0.00000
   0.59774,   0.00000
   0.43477,   0.00000
   0.53940,   0.00000
  -0.50546,   1.00000
  -0.31029,   1.00000
  -0.57921,   1.00000
   0.99745,   0.00000
   0.27886,   0.00000
  -0.92911,   0.00000
   0.55621,   0.00000
  -0.01425,   0.00000
   0.58599,   1.00000
   0.92356,   0.00000
  -0.56909,   1.00000
  -0.22873,   0.00000
  -0.03016,   1.00000
   0.18112,   0.00000
   0.25226,   1.00000
  -0.95267,   1.00000
   0.43951,   0.00000
   0.52965,   1.00000
  -0.85942,   0.00000
   0.39868,   0.00000
   0.39551,   0.00000
   0.92243,   0.00000
   0.54232,   0.00000
   0.79374,   0.00000
  -0.52808,   0.00000
  -0.23148,   1.00000
   0.19957,   0.00000
  -0.64566,   1.00000
   0.86670,   0.00000
   0.71233,   0.00000
   0.38899,   0.00000
   0.96307,   0.00000
   0.22963,   1.00000
   0.67215,   0.00000
  -0.57697,   0.00000
   0.69731,   0.00000
  -0.62127,   0.00000
   0.63507,   0.00000
  -0.49421,   1.00000
   0.18961,   0.00000
  -0.47057,   0.00000
  -0.66966,   0.00000
  -0.66183,   0.00000
  -0.58679,   0.00000
   0.23908,   0.00000
  -0.28969,   1.00000
   0.68567,   1.00000
   0.82642,   1.00000
  -0.15409,   0.00000
   0.00813,   0.00000
   0.45544,   0.00000
  -0.25519,   1.00000
  -0.89590,   0.00000
  -0.34724,   0.00000
   0.01680,   0.00000
   0.48852,   0.00000
  -0.39449,   0.00000
  -0.98444,   0.00000
  -0.71792,   1.00000
  -0.76136,   0.00000
   0.92432,   1.00000
  -0.18800,   1.00000
   0.99912,   0.00000
   0.97000,   0.00000
   0.34021,   1.00000
  -0.20936,   0.00000
  -0.79942,   1.00000
   0.97932,   0.00000
   0.83409,   1.00000
   0.24685,   0.00000
  -0.64233,   0.00000
   0.98146,   1.00000
   0.53675,   0.00000
  -0.10388,   0.00000
  -0.66913,   1.00000
   0.75817,   0.00000
  -0.20201,   0.00000
  -0.88072,   0.00000
  -0.15156,   1.00000
   0.33460,   0.00000
  -0.27085,   0.00000
   0.77020,   0.00000
  -0.98773,   1.00000
  -0.65665,   1.00000
  -0.62980,   0.00000
  -0.22765,   0.00000
   0.96951,   0.00000
   0.22908,   0.00000
   0.14391,   1.00000
   0.80797,   0.00000
  -0.87097,   1.00000
  -0.84917,   0.00000
  -0.27937,   1.00000
   0.65488,   0.00000
  -0.41678,   0.00000
  -0.89535,   0.00000
  -0.89417,   0.00000
   0.16631,   1.00000
   0.84848,   0.00000
   0.86099,   1.00000
  -0.46406,   1.00000
   0.99107,   0.00000
  -0.47874,   1.00000
  -0.83582,   0.00000
  -0.18335,   0.00000
  -0.69328,   0.00000
   0.95791,   0.00000
  -0.05046,   1.00000
  -0.58290,   0.00000
  -0.33003,   0.00000
  -0.05714,   0.00000
   0.13219,   0.00000
  -0.03945,   0.00000
   0.64254,   0.00000
  -0.58344,   0.00000
  -0.42514,   0.00000
   0.05989,   0.00000
  -0.08365,   0.00000
  -0.70572,   0.00000
   0.20964,   1.00000
  -0.15506,   1.00000
  -0.91550,   0.00000
   0.47673,   0.00000
   0.95583,   0.00000
  -0.60403,   0.00000
  -0.53844,   0.00000
   0.25310,   0.00000
  -0.14621,   0.00000
  -0.08797,   0.00000
   0.79157,   0.00000
  -0.47763,   1.00000
   0.56677,   0.00000
  -0.92444,   1.00000
   0.27598,   1.00000
  -0.19972,   0.00000
   0.60127,   1.00000
  -0.59086,   0.00000
   0.05251,   0.00000
   0.94683,   0.00000
  -0.05410,   0.00000
   0.94930,   0.00000
   0.03373,   0.00000
  -0.56473,   0.00000
  -0.63947,   0.00000
   0.81241,   0.00000
   0.16137,   0.00000
  -0.98255,   0.00000
  -0.62339,   0.00000
  -0.55716,   0.00000
  -0.00407,   1.00000
   0.81685,   1.00000
  -0.86680,   0.00000
  -0.33362,   0.00000
  -0.15275,   0.00000
  -0.48172,   0.00000
  -0.49361,   0.00000
   0.37026,   1.00000
   0.97384,   0.00000
  -0.31376,   1.00000
  -0.20659,   0.00000
  -0.99696,   1.00000
  -0.12486,   0.00000
  -0.40781,   0.00000
   0.46194,   0.00000
  -0.20009,   0.00000
   0.90175,   1.00000
   0.76237,   0.00000
  -0.74504,   0.00000
  -0.25621,   0.00000
   0.11522,   0.00000
  -0.24467,   0.00000
   0.40444,   0.00000
   0.28220,   0.00000
   0.07431,   0.00000
  -0.01499,   1.00000
   0.94106,   1.00000
  -0.00707,   0.00000
   0.34031,   1.00000
   0.29117,   1.00000
  -0.19721,   1.00000
  -0.64984,   0.00000
   0.98142,   0.00000
   0.91408,   1.00000
   0.36641,   0.00000
  -0.92917,   1.00000
   0.97960,   0.00000
   0.31919,   0.00000
  -0.13090,   0.00000
   0.35402,   1.00000
  -0.00685,   0.00000
  -0.06882,   0.00000
   0.75907,   0.00000
   0.34942,   0.00000
  -0.07261,   0.00000
   0.30193,   0.00000
   0.33350,   0.00000
   0.22019,   0.00000
   0.30989,   1.00000
  -0.82000,   0.00000
  -0.98304,   0.00000
   0.16461,   1.00000
   0.39570,   0.00000
  -0.48635,   0.00000
   0.24213,   0.00000
  -0.60981,   0.00000
   0.47721,   0.00000
  -0.36506,   0.00000
  -0.03534,   0.00000
   0.92887,   0.00000
   0.86963,   1.00000
  -0.71261,   0.00000
   0.32726,   0.00000
   0.03445,   0.00000
  -0.00994,   0.00000
   0.78895,   1.00000
  -0.77753,   1.00000
  -0.04176,   0.00000
   0.23345,   0.00000
   0.14919,   1.00000
   0.58408,   0.00000
   0.91991,   0.00000
   0.15171,   1.00000
  -0.61267,   0.00000
  -0.42701,   0.00000
  -0.16100,   0.00000
   0.54451,   1.00000
  -0.07802,   1.00000
  -0.75583,   0.00000
  -0.39735,   0.00000
  -0.99617,   0.00000
   0.67600,   0.00000
  -0.03127,   0.00000
   0.63525,   0.00000
  -0.28165,   1.00000
   0.49324,   0.00000
   0.41757,   0.00000
   0.95022,   1.00000
  -0.90006,   0.00000
   0.66837,   1.00000
  -0.73054,   0.00000
  -0.65036,   1.00000
   0.64398,   0.00000
   0.74186,   0.00000
   0.32711,   1.00000
   0.95015,   1.00000
   0.17049,   0.00000
   0.41704,   0.00000
  -0.92762,   1.00000
   0.26556,   0.00000
   0.08655,   0.00000
   0.88070,   0.00000
   0.51137,   0.00000
   0.76548,   1.00000
   0.97504,   0.00000
  -0.40236,   0.00000
   0.35787,   0.00000
  -0.88663,   1.00000
  -0.45167,   0.00000
   0.53751,   0.00000
  -0.77640,   1.00000
   0.89289,   1.00000
   0.42095,   0.00000
   0.27865,   0.00000
   0.60277,   0.00000
  -0.84319,   0.00000
   0.65546,   0.00000
  -0.39214,   0.00000
   0.02227,   1.00000
   0.49674,   0.00000
  -0.99271,   0.00000
  -0.60664,   1.00000
   0.47137,   0.00000
   0.00725,   0.00000
  -0.06698,   1.00000
  -0.58805,   0.00000
   0.95937,   0.00000
  -0.64513,   0.00000
  -0.74915,   0.00000
   0.63772,   0.00000
  -0.23063,   0.00000
   0.55085,   0.00000
   0.91357,   0.00000
   0.24061,   1.00000
  -0.38800,   1.00000
   0.57285,   0.00000
  -0.71581,   0.00000
   0.60633,   0.00000
  -0.15712,   1.00000
   0.63689,   0.00000
   0.75753,   0.00000
  -0.27651,   1.00000
  -0.87864,   1.00000
  -0.71793,   0.00000
  -0.22309,   0.00000
   0.31846,   0.00000
  -0.96282,   1.00000
   0.07237,   0.00000
   0.22953,   0.00000
  -0.12937,   0.00000
   0.44926,   0.00000
  -0.87697,   0.00000
  -0.17231,   0.00000
  -0.66586,   0.00000
   0.54363,   1.00000
  -0.98224,   0.00000
  -0.86788,   0.00000
   0.25609,   1.00000
   0.13803,   0.00000
   0.01839,   0.00000
  -0.76852,   0.00000
   0.50116,   0.00000
  -0.49541,   1.00000
   0.50528,   0.00000
   0.93934,   0.00000
  -0.76545,   0.00000
  -0.34541,   1.00000
  -0.58377,   0.00000
  -0.66744,   0.00000
   0.07032,   0.00000
   0.88836,   1.00000
  -0.93444,   0.00000
  -0.45720,   0.00000
   0.02732,   0.00000
  -0.95106,   1.00000
  -0.85079,   0.00000
  -0.99171,   0.00000
   0.07621,   1.00000
   0.84826,   0.00000
   0.96671,   0.00000
   0.94812,   0.00000
  -0.56342,   0.00000
   0.36655,   0.00000
  -0.40880,   0.00000
  -0.40866,   0.00000
  -0.20089,   1.00000
  -0.13823,   0.00000
   0.44170,   1.00000
  -0.70531,   1.00000
  -0.09432,   1.00000
  -0.65619,   1.00000
   0.93689,   0.00000
   0.63795,   0.00000
  -0.57539,   0.00000
  -0.37087,   1.00000
  -0.56543,   0.00000
  -0.81235,   1.00000
  -0.15830,   1.00000
  -0.63893,   0.00000
   0.46966,   0.00000
  -0.80440,   0.00000
  -0.35251,   1.00000
  -0.24367,   1.00000
  -0.67677,   0.00000
  -0.60123,   1.00000
  -0.04022,   0.00000
   0.27561,   0.00000
  -0.07465,   0.00000
   0.04533,   0.00000
   0.71356,   0.00000
   0.71119,   0.00000
   0.59920,   0.00000
   0.51770,   0.00000
   0.07962,   0.00000
  -0.28363,   1.00000
   0.25645,   1.00000
  -0.75249,   1.00000
   0.19417,   0.00000
   0.56073,   0.00000
  -0.36434,   1.00000
  -0.41981,   1.00000
  -0.16513,   0.00000
   0.43223,   0.00000
  -0.31652,   1.00000
   0.03282,   0.00000
   0.07560,   0.00000
  -0.54831,   0.00000
  -0.18338,   1.00000
   0.33086,   0.00000
  -0.01075,   0.00000
  -0.28456,   1.00000
   0.61057,   1.00000
   0.25452,   0.00000
  -0.57251,   0.00000
   0.49214,   0.00000
  -0.69048,   0.00000
  -0.36572,   0.00000
   0.67246,   0.00000
   0.41890,   0.00000
   0.20781,   0.00000
   0.78320,   0.00000
  -0.21117,   0.00000
   0.62684,   0.00000
  -0.73568,   0.00000
  -0.65589,   0.00000
   0.36486,   0.00000
  -0.48692,   0.00000
  -0.84656,   1.00000
   0.36466,   0.00000
   0.49904,   1.00000
  -0.16463,   0.00000
  -0.15477,   0.00000
   0.08040,   0.00000
  -0.28442,   0.00000
  -0.32486,   1.00000
   0.02263,   0.00000
  -0.51104,   0.00000
   0.46196,   0.00000
  -0.87396,   0.00000
   0.34924,   0.00000
   0.54424,   0.00000
   0.28880,   0.00000
  -0.60010,   0.00000
  -0.41287,   0.00000
  -0.63966,   1.00000
   0.20258,   0.00000
   0.15175,   0.00000
   0.99008,   1.00000
  -0.68762,   0.00000
   0.07159,   0.00000
  -0.38768,   0.00000
   0.95794,   1.00000
  -0.88873,   0.00000
  -0.56194,   0.00000
  -0.74390,   1.00000
   0.67327,   0.00000
   0.53396,   0.00000
  -0.05980,   0.00000
  -0.75082,   0.00000
  -0.07660,   1.00000
   0.15539,   0.00000
   0.80670,   0.00000
  -0.07929,   0.00000
  -0.13842,   0.00000
  -0.43876,   0.00000
   0.01860,   0.00000
  -0.77111,   0.00000
  -0.39072,   1.00000
   0.27560,   0.00000
   0.09980,   0.00000
  -0.37381,   1.00000
  -0.40745,   0.00000
   0.92887,   0.00000
   0.02168,   0.00000
   0.42189,   0.00000
   0.62127,   0.00000
  -0.63384,   0.00000
   0.33315,   1.00000
   0.70328,   0.00000
   0.66530,   0.00000
  -0.61168,   0.00000
   0.49917,   0.00000
   0.02907,   0.00000
  -0.66851,   0.00000
  -0.35089,   0.00000
   0.20264,   0.00000
   0.00232,   0.00000
  -0.09183,   0.00000
  -0.52115,   1.00000
  -0.43376,   0.00000
  -0.00309,   1.00000
   0.01976,   0.00000
   0.78980,   0.00000
   0.42206,   1.00000
  -0.85024,   0.00000
  -0.71605,   0.00000
   0.09827,   0.00000
  -0.88468,   1.00000
   0.49742,   0.00000
  -0.71893,   0.00000
  -0.45423,   0.00000
  -0.88836,   0.00000
   0.98862,   1.00000
  -0.67554,   1.00000
   0.82663,   1.00000
   0.42459,   1.00000
  -0.96945,   1.00000
   0.29583,   1.00000
  -0.82806,   1.00000
   0.25142,   0.00000
  -0.00125,   0.00000
  -0.91459,   0.00000
  -0.02988,   1.00000
   0.46774,   0.00000
   0.48828,   0.00000
  -0.67542,   1.00000
   0.35253,   1.00000
  -0.07952,   1.00000
   0.80037,   1.00000
   0.77215,   0.00000
  -0.78986,   0.00000
   0.57510,   1.00000
   0.99783,   0.00000
   0.25729,   0.00000
  -0.53284,   0.00000
  -0.30729,   0.00000
  -0.16069,   0.00000
   0.13275,   1.00000
   0.89656,   0.00000
  -0.68293,   0.00000
  -0.55789,   0.00000
   0.08125,   0.00000
   0.52170,   1.00000
   0.77558,   0.00000
   0.68197,   0.00000
  -0.77877,   0.00000
  -0.62162,   1.00000
  -0.74353,   1.00000
   0.04634,   0.00000
  -0.27607,   1.00000
  -0.59827,   0.00000
  -0.59804,   1.00000
   0.96152,   0.00000
   0.34650,   1.00000
  -0.61908,   0.00000
  -0.96306,   0.00000
  -0.61155,   1.00000
  -0.28381,   0.00000
   0.56477,   0.00000
   0.79633,   1.00000
   0.45348,   0.00000
  -0.81447,   0.00000
   0.74707,   0.00000
   0.74652,   0.00000
  -0.22890,   0.00000
   0.24266,   0.00000
   0.32442,   1.00000
  -0.78271,   0.00000
   0.75511,   1.00000
  -0.03217,   1.00000
  -0.64494,   0.00000
   0.83970,   0.00000
   0.56163,   0.00000
  -0.00532,   0.00000
  -0.28680,   1.00000
  -0.07547,   0.00000
  -0.57867,   0.00000
  -0.55972,   1.00000
   0.58852,   1.00000
  -0.31994,   0.00000
  -0.14582,   0.00000
   0.00634,   0.00000
  -0.78985,   1.00000
  -0.73140,   0.00000
  -0.38213,   1.00000
   0.19628,   0.00000
   0.64350,   0.00000
   0.85360,   0.00000
  -0.46849,   0.00000
   0.96284,   0.00000
   0.69864,   1.00000
   0.36597,   0.00000
   0.53060,   0.00000
  -0.80306,   0.00000
   0.86720,   0.00000
   0.81093,   1.00000
   0.84473,   0.00000
  -0.81126,   1.00000
   0.39923,   0.00000
  -0.62539,   0.00000
  -0.67665,   0.00000
   0.04347,   0.00000
   0.65096,   0.00000
   0.90386,   0.00000
   0.32058,   1.00000
   0.64968,   0.00000
   0.77595,   0.00000
  -0.84705,   0.00000
  -0.89812,   0.00000
  -0.35532,   1.00000
  -0.36396,   0.00000
   0.86581,   1.00000
   0.23194,   1.00000
   0.32062,   0.00000
   0.58398,   0.00000
   0.50334,   1.00000
   0.84413,   1.00000
  -0.43334,   0.00000
  -0.67142,   0.00000
   0.50465,   1.00000
   0.95601,   1.00000
  -0.08055,   0.00000
  -0.94799,   0.00000
   0.39559,   0.00000
   0.83118,   0.00000
  -0.20946,   0.00000
  -0.11654,   0.00000
   0.75223,   0.00000
   0.98309,   0.00000
  -0.09524,   0.00000
  -0.69004,   0.00000
   0.23107,   0.00000
  -0.92271,   0.00000
  -0.75494,   0.00000
   0.31917,   0.00000
  -0.95665,   0.00000
  -0.26477,   1.00000
  -0.20500,   0.00000
   0.83257,   1.00000
  -0.02694,   0.00000
   0.54482,   0.00000
   0.60792,   0.00000
  -0.96040,   1.00000
   0.95917,   1.00000
   0.94859,   1.00000
  -0.51229,   0.00000
   0.52192,   1.00000
   0.13657,   1.00000
  -0.36079,   0.00000
   0.51153,   0.00000
  -0.93684,   0.00000
   0.75070,   0.00000
  -0.77947,   1.00000
   0.17962,   0.00000
   0.38146,   0.00000
   0.78065,   1.00000
   0.80195,   0.00000
   0.30691,   1.00000
  -0.57305,   0.00000
   0.80118,   0.00000
  -0.72087,   1.00000
  -0.94119,   0.00000
   0.63515,   0.00000
  -0.58331,   0.00000
  -0.35865,   0.00000
   0.13958,   0.00000
  -0.41711,   1.00000
   0.06833,   1.00000
   0.08695,   0.00000
  -0.27127,   0.00000
   0.65948,   0.00000
   0.53530,   0.00000
   0.18425,   0.00000
   0.51772,   0.00000
  -0.17008,   0.00000
  -0.99853,   1.00000
   0.17511,   0.00000
  -0.79651,   0.00000
  -0.12940,   1.00000
   0.80742,   0.00000
  -0.36809,   1.00000
  -0.36141,   0.00000
  -0.86118,   0.00000
  -0.91838,   1.00000
   0.23425,   0.00000
   0.26640,   0.00000
   0.16143,   1.00000
   0.17040,   1.00000
   0.86360,   0.00000
  -0.65012,   0.00000
  -0.36524,   0.00000
  -0.05289,   0.00000
  -0.37164,   0.00000
  -0.23864,   0.00000
  -0.13075,   0.00000
  -0.58775,   0.00000
   0.74696,   1.00000
   0.69740,   0.00000
  -0.36372,   0.00000
  -0.34720,   0.00000
  -0.68644,   1.00000
   0.36593,   1.00000
   0.74644,   0.00000
   0.20102,   1.00000
   0.28553,   1.00000
  -0.57667,   0.00000
   0.17195,   0.00000
  -0.86605,   1.00000
  -0.38136,   0.00000
   0.87287,   1.00000
   0.62727,   1.00000
  -0.29903,   0.00000
   0.14620,   1.00000
   0.80804,   0.00000
  -0.12852,   0.00000
   0.77043,   0.00000
   0.17323,   1.00000
   0.52273,   0.00000
   0.67768,   1.00000
  -0.08189,   1.00000
   0.77724,   0.00000
   0.50944,   1.00000
  -0.58411,   0.00000
   0.66057,   1.00000
   0.07812,   0.00000
  -0.13237,   0.00000
  -0.90225,   0.00000
  -0.18193,   1.00000
   0.32099,   0.00000
   0.65247,   0.00000
   0.43536,   0.00000
   0.18240,   0.00000
  -0.62760,   0.00000
   0.44289,   0.00000
   0.54370,   1.00000
  -0.73607,   1.00000
  -0.82310,   1.00000
   0.67565,   0.00000
   0.88764,   0.00000
   0.00071,   0.00000
   0.39839,   0.00000
   0.00034,   0.00000
  -0.26192,   0.00000
  -0.88459,   0.00000
  -0.32651,   1.00000
  -0.04768,   1.00000
   0.97456,   0.00000
   0.79869,   1.00000
   0.10655,   0.00000
  -0.52083,   1.00000
  -0.76972,   0.00000
  -0.10867,   0.00000
   0.70799,   0.00000
   0.13326,   1.00000
  -0.84282,   1.00000
  -0.88413,   1.00000
  -0.11160,   0.00000
   0.84043,   1.00000
   0.63991,   0.00000
  -0.02562,   0.00000
   0.69803,   0.00000
   0.83802,   1.00000
   0.50221,   1.00000
  -0.87973,   0.00000
   0.27347,   0.00000
  -0.45616,   1.00000
  -0.11186,   0.00000
   0.75107,   0.00000
   0.14100,   0.00000
  -0.88790,   1.00000
   0.95534,   0.00000
  -0.95483,   0.00000
   0.56796,   1.00000
   0.34822,   0.00000
   0.94360,   0.00000
  -0.81809,   0.00000
   0.07387,   0.00000
  -0.16151,   0.00000
  -0.33909,   0.00000
   0.46444,   0.00000
  -0.17062,   0.00000
  -0.03257,   1.00000
   0.39041,   0.00000
   0.45433,   0.00000
  -0.76725,   0.00000
  -0.92260,   0.00000
   0.29687,   0.00000
   0.08849,   1.00000
  -0.38261,   0.00000
  -0.07742,   1.00000
   0.01206,   0.00000
  -0.35752,   0.00000
   0.93413,   0.00000
   0.07178,   0.00000
  -0.80490,   0.00000
  -0.80894,   1.00000
  -0.98807,   1.00000
   0.23886,   0.00000
   0.37988,   0.00000
   0.15931,   0.00000
   0.77204,   0.00000
  -0.34542,   1.00000
   0.59888,   1.00000
   0.27964,   0.00000
   0.07382,   0.00000
  -0.81333,   0.00000
   0.98283,   0.00000
   0.55125,   1.00000
  -0.87575,   0.00000
  -0.42432,   0.00000
   0.78668,   0.00000
  -0.64740,   0.00000
  -0.47340,   1.00000
   0.72513,   1.00000
  -0.19530,   0.00000
  -0.42422,   1.00000
   0.98264,   0.00000
   0.91177,   1.00000
  -0.47732,   0.00000
  -0.61315,   0.00000
   0.59146,   1.00000
  -0.57278,   0.00000
  -0.40860,   0.00000
   0.01336,   0.00000
   0.23829,   0.00000
   0.28311,   1.00000
   0.80483,   0.00000
  -0.52066,   0.00000
  -0.31353,   0.00000
  -0.37901,   0.00000
   0.11362,   0.00000
  -0.99907,   0.00000
  -0.70907,   1.00000
   0.54936,   0.00000
  -0.46261,   0.00000
  -0.53457,   1.00000
   0.76726,   0.00000
  -0.35510,   0.00000
   0.33512,   0.00000
  -0.82451,   0.00000
   0.25978,   0.00000
  -0.01916,   0.00000
  -0.50903,   0.00000
  -0.03570,   1.00000
  -0.82061,   0.00000
   0.97081,   0.00000
  -0.27346,   0.00000
   0.97844,   0.00000
   0.06772,   0.00000
  -0.29670,   0.00000
   0.26182,   0.00000
   0.16425,   0.00000
  -0.64846,   0.00000
  -0.48774,   0.00000
   0.37476,   0.00000
  -0.84674,   0.00000
  -0.96340,   1.00000
  -0.26125,   0.00000
  -0.81502,   0.00000
  -0.47967,   0.00000
  -0.49763,   1.00000
   0.43965,   0.00000
   0.05535,   0.00000
   0.50629,   0.00000
  -0.24249,   0.00000
   0.21026,   0.00000
  -0.55151,   1.00000
  -0.97441,   0.00000
  -0.64162,   0.00000
  -0.50570,   0.00000
  -0.13461,   1.00000
   0.66200,   0.00000
  -0.07743,   1.00000
   0.91549,   0.00000
  -0.16668,   0.00000
  -0.31123,   0.00000
  -0.17607,   0.00000
   0.78879,   0.00000
   0.24143,   1.00000
   0.21683,   1.00000
   0.36017,   0.00000
  -0.60796,   1.00000
   0.89136,   0.00000
   0.64491,   0.00000
  -0.66092,   0.00000
  -0.38511,   0.00000
  -0.85801,   1.00000
  -0.33467,   0.00000
   0.19076,   0.00000
  -0.53606,   1.00000
   0.92361,   1.00000
  -0.40094,   0.00000
  -0.97940,   1.00000
  -0.54825,   0.00000
  -0.03607,   0.00000
  -0.06783,   0.00000
  -0.82751,   0.00000
  -0.39913,   0.00000
   0.03499,   0.00000
  -0.63949,   1.00000
   0.95508,   0.00000
  -0.33131,   0.00000
  -0.78126,   0.00000
   0.36327,   1.00000
  -0.81350,   0.00000
  -0.71528,   0.00000
   0.67075,   1.00000
  -0.28045,   1.00000
   0.47226,   1.00000
   0.06127,   0.00000
   0.20599,   1.00000
   0.54264,   0.00000
  -0.72941,   0.00000
   0.76427,   1.00000
  -0.99012,   1.00000
  -0.98042,   0.00000
   0.25760,   0.00000
   0.04169,   0.00000
   0.37414,   0.00000
  -0.75253,   1.00000
  -0.11404,   0.00000
  -0.78211,   0.00000
  -0.88977,   0.00000
   0.16263,   0.00000
   0.98321,   1.00000
   0.22348,   0.00000
  -0.01564,   1.00000
  -0.43506,   1.00000
  -0.47289,   0.00000
  -0.39321,   0.00000
  -0.03902,   0.00000
   0.02315,   0.00000
   0.69055,   1.00000
  -0.36987,   0.00000
  -0.92563,   0.00000
  -0.57304,   1.00000
  -0.69537,   0.00000
   0.42531,   0.00000
  -0.22225,   0.00000
  -0.24939,   0.00000
   0.79944,   0.00000
   0.09119,   0.00000
   0.30312,   0.00000
   0.80566,   0.00000
   0.87395,   0.00000
   0.54583,   1.00000
  -0.01301,   1.00000
  -0.35814,   0.00000
   0.93241,   0.00000
  -0.15737,   1.00000
  -0.61018,   0.00000
  -0.45359,   1.00000
  -0.91638,   1.00000
  -0.05197,   1.00000
   0.34941,   0.00000
   0.73877,   0.00000
  -0.89557,   0.00000
   0.59690,   0.00000
  -0.96788,   1.00000
  -0.39263,   0.00000
  -0.20819,   0.00000
   0.90662,   0.00000
   0.50916,   1.00000
  -0.09636,   0.00000
   0.93044,   0.00000
  -0.61564,   1.00000
   0.39325,   1.00000
   0.66413,   0.00000
   0.17920,   0.00000
   0.83226,   1.00000
  -0.36074,   0.00000
  -0.96965,   0.00000
  -0.80473,   0.00000
   0.79112,   0.00000
  -0.12650,   1.00000
   0.81574,   0.00000
   0.30253,   0.00000
  -0.94960,   0.00000
   0.28111,   0.00000
   0.30470,   1.00000
  -0.42745,   1.00000
   0.27186,   0.00000
   0.20428,   0.00000
  -0.48744,   0.00000
  -0.06286,   0.00000
  -0.44771,   0.00000
   0.73151,   1.00000
   0.87239,   0.00000
   0.25754,   0.00000
   0.96312,   0.00000
   0.35321,   0.00000
  -0.55154,   0.00000
  -0.17596,   0.00000
  -0.62130,   0.00000
   0.34893,   1.00000
  -0.34706,   0.00000
  -0.19045,   1.00000
  -0.99238,   1.00000
  -0.96945,   0.00000
   0.70476,   0.00000
   0.38197,   1.00000
  -0.34162,   1.00000
  -0.03544,   0.00000
  -0.89125,   1.00000
   0.97373,   1.00000
   0.28774,   0.00000
  -0.40984,   1.00000
   0.89140,   0.00000
   0.55666,   0.00000
  -0.81020,   1.00000
  -0.95418,   0.00000
   0.73439,   1.00000
   0.01754,   0.00000
   0.29697,   1.00000
   0.51743,   0.00000
  -0.52862,   0.00000
   0.26771,   0.00000
   0.83875,   0.00000
   0.31433,   0.00000
   0.24283,   0.00000
   0.25958,   1.00000
   0.76605,   0.00000
   0.43984,   0.00000
   0.33695,   1.00000
   0.88402,   0.00000
  -0.32935,   0.00000
  -0.72399,   0.00000
   0.72204,   0.00000
   0.87380,   1.00000
   0.70012,   0.00000
  -0.26693,   0.00000
   0.53435,   0.00000
   0.81313,   0.00000
  -0.44447,   0.00000
   0.74963,   1.00000
  -0.25878,   0.00000
   0.23618,   0.00000
  -0.32299,   0.00000
   0.96906,   0.00000
  -0.02032,   1.00000
  -0.36676,   0.00000
   0.93412,   0.00000
   0.50396,   0.00000
  -0.30456,   0.00000
   0.94752,   0.00000
   0.91108,   0.00000
  -0.01139,   0.00000
  -0.31087,   0.00000
  -0.01438,   0.00000
  -0.74733,   0.00000
  -0.27200,   0.00000
  -0.34618,   1.00000
   0.02545,   1.00000
   0.18993,   1.00000
  -0.38481,   0.00000
  -0.36480,   0.00000
  -0.15886,   0.00000
   0.04024,   0.00000
  -0.99419,   1.00000
  -0.40939,   0.00000
  -0.28916,   1.00000
   0.98311,   0.00000
  -0.76831,   0.00000
   0.81108,   0.00000
  -0.98049,   0.00000
   0.40874,   0.00000
  -0.50807,   1.00000
  -0.04470,   0.00000
  -0.37568,   0.00000
   0.12964,   1.00000
   0.46820,   0.00000
  -0.83106,   1.00000
   0.17658,   0.00000
  -0.70696,   0.00000
  -0.56757,   1.00000
   0.96976,   0.00000
  -0.88002,   0.00000
   0.39633,   0.00000
   0.03962,   0.00000
  -0.90550,   0.00000
   0.94339,   0.00000
   0.61239,   0.00000
  -0.44898,   0.00000
  -0.15647,   0.00000
  -0.27854,   1.00000
  -0.01332,   0.00000
   0.40792,   1.00000
  -0.44048,   0.00000
  -0.94007,   1.00000
   0.33105,   0.00000
   0.16975,   1.00000
   0.05782,   0.00000
   0.36929,   0.00000
   0.22519,   1.00000
  -0.30968,   0.00000
   0.81340,   0.00000
  -0.04012,   0.00000
   0.44063,   0.00000
  -0.03013,   0.00000
  -0.74439,   1.00000
  -0.78972,   0.00000
  -0.24281,   1.00000
   0.17383,   0.00000
  -0.43340,   1.00000
  -0.05249,   1.00000
  -0.48328,   0.00000
   0.71966,   0.00000
   0.86586,   0.00000
   0.95140,   1.00000
   0.27842,   1.00000
   0.98500,   0.00000
  -0.79015,   1.00000
   0.55851,   0.00000
  -0.95012,   0.00000
   0.46208,   0.00000
   0.78873,   0.00000
   0.92923,   1.00000
  -0.60953,   0.00000
  -0.42370,   0.00000
  -0.04296,   0.00000
   0.93050,   0.00000
  -0.70646,   1.00000
   0.59052,   1.00000
  -0.37514,   0.00000
  -0.28826,   0.00000
  -0.15277,   0.00000
  -0.40845,   0.00000
   0.70380,   0.00000
   0.14094,   0.00000
  -0.88460,   1.00000
   0.73548,   0.00000
  -0.03316,   0.00000
  -0.44346,   1.00000
  -0.75338,   0.00000
   0.30809,   0.00000
   0.00980,   1.00000
   0.35288,   1.00000
   0.83397,   0.00000
  -0.36426,   0.00000
  -0.58294,   0.00000
  -0.34405,   1.00000
   0.34349,   0.00000
   0.72318,   0.00000
   0.49479,   0.00000
  -0.34078,   0.00000
   0.32536,   0.00000
   0.01207,   0.00000
   0.38419,   1.00000
  -0.02988,   0.00000
   0.66577,   1.00000
  -0.95436,   1.00000
  -0.03213,   1.00000
   0.41562,   1.00000
   0.99613,   0.00000
  -0.51143,   0.00000
   0.23217,   1.00000
  -0.71205,   0.00000
   0.64444,   1.00000
  -0.34132,   0.00000
  -0.74976,   1.00000
  -0.96853,   1.00000
  -0.00620,   0.00000
   0.69616,   0.00000
  -0.29669,   0.00000
  -0.90521,   0.00000
   0.86921,   1.00000
  -0.14570,   0.00000
   0.74887,   1.00000
   0.19918,   0.00000
  -0.60014,   0.00000
   0.24775,   0.00000
   0.36548,   1.00000
   0.64084,   1.00000
   0.17650,   0.00000
  -0.08240,   0.00000
  -0.29032,   1.00000
   0.19245,   1.00000
   0.91060,   0.00000
  -0.93720,   0.00000
  -0.29893,   0.00000
   0.43010,   0.00000
  -0.02780,   0.00000
   0.19457,   1.00000
  -0.04221,   0.00000
  -0.33691,   1.00000
  -0.58973,   0.00000
   0.85687,   1.00000
  -0.05348,   1.00000
  -0.20530,   0.00000
  -0.09187,   0.00000
   0.56278,   1.00000
   0.19710,   0.00000
   0.06408,   1.00000
  -0.06350,   1.00000
  -0.91519,   0.00000
  -0.52780,   0.00000
  -0.91681,   0.00000
   0.39574,   1.00000
   0.23720,   1.00000
  -0.11828,   0.00000
   0.47434,   0.00000
  -0.41678,   1.00000
   0.80624,   1.00000
  -0.52544,   0.00000
  -0.65224,   0.00000
  -0.12021,   1.00000
   0.33695,   0.00000
   0.76382,   0.00000
   0.07418,   1.00000
   0.53558,   0.00000
  -0.18190,   0.00000
  -0.78556,   1.00000
  -0.81382,   0.00000
  -0.96617,   0.00000
  -0.57518,   0.00000
   0.65340,   1.00000
  -0.83863,   1.00000
  -0.87728,   1.00000
  -0.75237,   0.00000
  -0.05236,   0.00000
  -0.30688,   1.00000
  -0.51841,   0.00000
  -0.62383,   0.00000
  -0.24387,   0.00000
   0.05986,   0.00000
  -0.55614,   0.00000
   0.37997,   1.00000
  -0.63926,   0.00000
   0.35986,   0.00000
   0.09510,   0.00000
  -0.65844,   0.00000
  -0.00420,   0.00000
   0.32933,   0.00000
  -0.77278,   1.00000
   0.11138,   1.00000
  -0.87176,   0.00000
   0.39555,   1.00000
  -0.60573,   0.00000
  -0.50052,   0.00000
   0.06338,   1.00000
   0.30518,   1.00000
  -0.39788,   0.00000
   0.22994,   0.00000
  -0.24910,   0.00000
   0.32545,   0.00000
   0.84262,   0.00000
  -0.33474,   0.00000
  -0.02560,   0.00000
   0.42156,   1.00000
  -0.23182,   0.00000
  -0.16495,   0.00000
  -0.81354,   1.00000
   0.34920,   0.00000
   0.64445,   0.00000
  -0.10939,   0.00000
  -0.06399,   0.00000
   0.53226,   0.00000
  -0.99481,   0.00000
  -0.64142,   0.00000
   0.77207,   0.00000
   0.16820,   0.00000
  -0.94090,   0.00000
  -0.93223,   1.00000
   0.91860,   0.00000
   0.50455,   1.00000
  -0.83194,   0.00000
  -0.60943,   1.00000
  -0.39929,   0.00000
   0.81295,   0.00000
  -0.80649,   1.00000
  -0.85667,   0.00000
  -0.20279,   0.00000
  -0.75922,   0.00000
   0.39922,   0.00000
   0.60194,   0.00000
   0.86275,   0.00000
   0.41189,   0.00000
  -0.07444,   0.00000
  -0.74671,   0.00000
   0.31128,   0.00000
  -0.96522,   0.00000
   0.87838,   1.00000
  -0.64646,   0.00000
   0.47323,   0.00000
  -0.30867,   0.00000
   0.73116,   0.00000
   0.38821,   1.00000
  -0.38979,   1.00000
  -0.78006,   0.00000
  -0.73773,   0.00000
  -0.10088,   0.00000
   0.57825,   0.00000
   0.25324,   0.00000
  -0.37845,   1.00000
  -0.61462,   1.00000
   0.71845,   0.00000
  -0.24038,   0.00000
   0.31428,   0.00000
   0.89524,   0.00000
   0.61404,   0.00000
  -0.60187,   0.00000
  -0.87369,   1.00000
  -0.54357,   1.00000
   0.42705,   1.00000
  -0.21677,   1.00000
   0.92210,   0.00000
  -0.42827,   0.00000
   0.80692,   1.00000
   0.87243,   0.00000
  -0.33996,   1.00000
  -0.08524,   1.00000
  -0.03113,   0.00000
   0.65651,   1.00000
   0.62313,   0.00000
  -0.77560,   0.00000
   0.45167,   0.00000
  -0.97862,   0.00000
   0.04757,   1.00000
  -0.49078,   0.00000
  -0.52472,   1.00000
   0.28107,   0.00000
   0.85415,   0.00000
   0.87597,   0.00000
   0.67799,   0.00000
   0.58468,   0.00000
   0.30893,   1.00000
   0.18471,   0.00000
  -0.66003,   0.00000
  -0.84092,   0.00000
   0.37812,   0.00000
  -0.17081,   0.00000
  -0.02420,   0.00000
   0.75746,   0.00000
   0.59712,   0.00000
  -0.85740,   0.00000
  -0.52787,   0.00000
   0.25681,   0.00000
  -0.26367,   1.00000
   0.42905,   0.00000
  -0.18574,   0.00000
  -0.76493,   1.00000
  -0.27085,   0.00000
  -0.66470,   0.00000
   0.63673,   0.00000
   0.88780,   0.00000
   0.78717,   0.00000
   0.44966,   0.00000
   0.86711,   0.00000
  -0.22900,   0.00000
   0.20792,   1.00000
   0.69203,   0.00000
   0.13681,   0.00000
   0.14242,   0.00000
  -0.31215,   0.00000
   0.07897,   0.00000
  -0.60062,   0.00000
   0.66591,   0.00000
  -0.70088,   0.00000
   0.98826,   1.00000
   0.93095,   0.00000
   0.23073,   0.00000
  -0.74291,   0.00000
   0.46105,   0.00000
   0.94177,   0.00000
  -0.23719,   0.00000
   0.77853,   0.00000
  -0.46058,   0.00000
   0.36821,   0.00000
  -0.71366,   0.00000
  -0.66681,   0.00000
  -0.89754,   0.00000
   0.42780,   0.00000
  -0.37314,   0.00000
  -0.05796,   1.00000
  -0.21474,   0.00000
  -0.78800,   0.00000
   0.06826,   1.00000
  -0.99518,   0.00000
   0.80610,   0.00000
  -0.78836,   1.00000
   0.48769,   0.00000
   0.62301,   0.00000
  -0.88508,   0.00000
  -0.55589,   0.00000
   0.96081,   0.00000
  -0.51163,   1.00000
  -0.29051,   0.00000
  -0.76967,   0.00000
   0.55108,   0.00000
  -0.25122,   0.00000
   0.27088,   0.00000
  -0.37479,   0.00000
  -0.36584,   1.00000
   0.77296,   0.00000
   0.87227,   0.00000
  -0.49896,   1.00000
   0.84626,   0.00000
  -0.87853,   0.00000
   0.61409,   0.00000
   0.40001,   1.00000
   0.71982,   0.00000
  -0.07876,   0.00000
   0.19886,   0.00000
   0.19889,   0.00000
  -0.50335,   0.00000
  -0.60574,   0.00000
   0.12257,   1.00000
   0.42143,   1.00000
   0.36004,   0.00000
   0.19317,   0.00000
  -0.75925,   1.00000
   0.05029,   0.00000
   0.19020,   0.00000
   0.47702,   1.00000
  -0.54628,   1.00000
   0.52030,   0.00000
  -0.18203,   1.00000
   0.35162,   0.00000
  -0.68539,   0.00000
   0.31965,   0.00000
   0.20654,   0.00000
  -0.45807,   0.00000
  -0.35392,   0.00000
  -0.43721,   1.00000
  -0.29335,   0.00000
  -0.36654,   0.00000
  -0.41416,   0.00000
  -0.43646,   0.00000
  -0.36997,   0.00000
  -0.37838,   1.00000
  -0.37137,   0.00000
   0.51845,   1.00000
   0.90735,   1.00000
  -0.35628,   0.00000
  -0.10334,   0.00000
   0.31781,   0.00000
   0.12707,   1.00000
   0.59009,   0.00000
   0.07349,   0.00000
  -0.25514,   1.00000
  -0.13026,   0.00000
  -0.60581,   0.00000
   0.20091,   0.00000
  -0.27057,   1.00000
   0.19081,   0.00000
   0.17691,   1.00000
   0.71245,   0.00000
  -0.54548,   0.00000
  -0.25137,   0.00000
  -0.36034,   0.00000
  -0.79918,   0.00000
   0.53645,   0.00000
   0.37720,   0.00000
  -0.99813,   1.00000
  -0.50908,   0.00000
   0.01070,   0.00000
   0.65568,   0.00000
  -0.88772,   0.00000
   0.30837,   0.00000
   0.44232,   0.00000
  -0.66281,   1.00000
  -0.25013,   0.00000
   0.11632,   0.00000
   0.02076,   0.00000
   0.43733,   0.00000
  -0.69512,   0.00000
  -0.46379,   0.00000
   0.56634,   1.00000
   0.36421,   0.00000
   0.48122,   1.00000
   0.66082,   0.00000
  -0.39952,   0.00000
  -0.35225,   0.00000
  -0.14750,   1.00000
   0.66624,   0.00000
   0.48316,   1.00000
  -0.32535,   1.00000
  -0.77366,   0.00000
  -0.43236,   1.00000
  -0.64731,   0.00000
  -0.86948,   1.00000
  -0.57975,   0.00000
  -0.40668,   0.00000
  -0.62544,   0.00000
  -0.76737,   0.00000
  -0.12079,   0.00000
  -0.86703,   0.00000
  -0.60524,   0.00000
   0.46636,   0.00000
   0.65311,   0.00000
   0.90837,   0.00000
  -0.73692,   0.00000
  -0.95714,   0.00000
   0.63253,   1.00000
  -0.99504,   0.00000
   0.66836,   0.00000
  -0.14765,   1.00000
  -0.34907,   0.00000
   0.82447,   1.00000
   0.33026,   0.00000
   0.61216,   0.00000
   0.88199,   0.00000
  -0.41583,   1.00000
   0.40826,   0.00000
   0.86203,   0.00000
   0.22712,   1.00000
  -0.04918,   0.00000
  -0.84157,   0.00000
  -0.23897,   1.00000
   0.61535,   1.00000
   0.63469,   0.00000
   0.71584,   1.00000
   0.79229,   1.00000
  -0.93387,   1.00000
  -0.71389,   0.00000
  -0.79803,   0.00000
  -0.79655,   0.00000
  -0.20009,   0.00000
   0.12463,   0.00000
   0.83525,   0.00000
  -0.88093,   1.00000
   0.56227,   0.00000
  -0.13791,   0.00000
  -0.44168,   0.00000
  -0.01284,   0.00000
  -0.69680,   0.00000
  -0.73126,   0.00000
  -0.53003,   0.00000
   0.71576,   0.00000
   0.46943,   0.00000
   0.94500,   0.00000
   0.69936,   0.00000
   0.72166,   0.00000
  -0.16418,   0.00000
  -0.65775,   1.00000
   0.00572,   0.00000
  -0.91434,   0.00000
  -0.23454,   0.00000
   0.18294,   0.00000
  -0.83564,   0.00000
   0.14410,   0.00000
  -0.30297,   1.00000
  -0.67013,   1.00000
   0.32339,   0.00000
   0.43402,   0.00000
  -0.09544,   0.00000
   0.29295,   0.00000
  -0.10677,   0.00000
   0.51067,   0.00000
  -0.80826,   0.00000
   0.69286,   0.00000
   0.29417,   0.00000
  -0.51155,   0.00000
   0.22197,   0.00000
   0.88229,   0.00000
   0.84350,   0.00000
   0.92883,   1.00000
  -0.85792,   1.00000
  -0.72115,   1.00000
   0.12344,   0.00000
  -0.43616,   0.00000
   0.04046,   1.00000
  -0.83731,   0.00000
  -0.04926,   1.00000
   0.46604,   0.00000
   0.01787,   0.00000
  -0.25138,   1.00000
   0.26946,   1.00000
   0.10341,   1.00000
   0.10730,   0.00000
  -0.00672,   0.00000
  -0.28620,   0.00000
  -0.18858,   0.00000
   0.08228,   0.00000
   0.21462,   0.00000
   0.22794,   1.00000
  -0.83275,   0.00000
   0.04239,   1.00000
   0.10864,   0.00000
  -0.42922,   1.00000
  -0.29720,   0.00000
   0.35074,   0.00000
   0.72748,   0.00000
  -0.08762,   1.00000
   0.90767,   0.00000
  -0.59848,   0.00000
   0.46979,   1.00000
   0.99369,   1.00000
  -0.06349,   0.00000
  -0.22184,   0.00000
   0.74636,   0.00000
   0.20797,   0.00000
   0.02129,   1.00000
   0.37967,   0.00000
   0.01534,   0.00000
   0.91445,   0.00000
   0.35399,   1.00000
   0.87789,   0.00000
   0.84376,   0.00000
  -0.58860,   1.00000
  -0.92741,   0.00000
  -0.44291,   0.00000
   0.75983,   0.00000
   0.68592,   1.00000
   0.44801,   0.00000
   0.79127,   0.00000
  -0.94403,   0.00000
  -0.26219,   1.00000
   0.66728,   1.00000
   0.83963,   1.00000
  -0.11367,   1.00000
  -0.20818,   0.00000
  -0.59221,   1.00000
  -0.27575,   1.00000
   0.83755,   0.00000
   0.38274,   1.00000
  -0.67302,   1.00000
   0.87421,   0.00000
   0.68011,   1.00000
  -0.38835,   0.00000
  -0.50401,   0.00000
   0.47710,   1.00000
   0.60433,   0.00000
   0.77213,   0.00000
   0.98218,   1.00000
  -0.19726,   1.00000
  -0.01145,   1.00000
  -0.22740,   0.00000
   0.59461,   1.00000
   0.41568,   0.00000
  -0.25529,   0.00000
   0.64515,   0.00000
  -0.03940,   1.00000
  -0.93665,   0.00000
   0.12540,   0.00000
  -0.31797,   0.00000
  -0.40788,   1.00000
  -0.09323,   1.00000
   0.72372,   0.00000
  -0.22765,   0.00000
   0.37768,   0.00000
  -0.14497,   1.00000
   0.53249,   1.00000
  -0.15136,   1.00000
  -0.42987,   0.00000
  -0.64205,   0.00000
  -0.40933,   1.00000
   0.47955,   0.00000
   0.92331,   0.00000
   0.62316,   0.00000
  -0.72281,   0.00000
  -0.25046,   0.00000
  -0.43230,   0.00000
   0.07254,   0.00000
   0.46215,   1.00000
   0.47103,   0.00000
   0.65437,   0.00000
   0.10223,   1.00000
   0.13324,   0.00000
  -0.95906,   0.00000
   0.09352,   0.00000
  -0.53256,   0.00000
   0.54194,   1.00000
  -0.70531,   0.00000
  -0.94056,   0.00000
  -0.87052,   0.00000
  -0.16778,   1.00000
   0.44264,   1.00000
   0.26677,   0.00000
  -0.33669,   0.00000
   0.82083,   0.00000
   0.21338,   1.00000
  -0.19495,   0.00000
   0.29682,   0.00000
  -0.08334,   0.00000
  -0.63377,   0.00000
   0.81119,   1.00000
  -0.68895,   1.00000
  -0.50943,   0.00000
   0.89970,   0.00000
  -0.42517,   0.00000
   0.40568,   0.00000
   0.61027,   0.00000
   0.67929,   0.00000
   0.35833,   0.00000
  -0.03839,   0.00000
   0.05772,   1.00000
  -0.58637,   0.00000
  -0.02771,   1.00000
  -0.38171,   0.00000
   0.60119,   0.00000
  -0.27227,   1.00000
   0.92572,   0.00000
   0.34409,   0.00000
   0.04121,   0.00000
   0.50800,   1.00000
  -0.84088,   0.00000
   0.95052,   1.00000
  -0.97940,   1.00000
  -0.42453,   0.00000
   0.65812,   0.00000
  -0.61522,   0.00000
   0.52789,   0.00000
   0.03156,   1.00000
   0.59504,   0.00000
   0.48300,   0.00000
   0.14495,   0.00000
   0.92184,   0.00000
   0.05664,   1.00000
  -0.84755,   1.00000
   0.56043,   1.00000
  -0.59326,   0.00000
   0.02565,   1.00000
  -0.42760,   0.00000
  -0.32598,   0.00000
   0.37105,   0.00000
  -0.64614,   1.00000
  -0.43390,   1.00000
   0.43602,   0.00000
   0.26304,   0.00000
  -0.59215,   0.00000
  -0.09793,   1.00000
  -0.78613,   1.00000
  -0.07901,   0.00000
  -0.87193,   0.00000
  -0.96454,   1.00000
  -0.50682,   0.00000
   0.49200,   0.00000
  -0.08890,   0.00000
  -0.50082,   1.00000
  -0.93189,   0.00000
  -0.57257,   1.00000
  -0.93020,   0.00000
  -0.07306,   0.00000
  -0.36239,   0.00000
   0.68950,   1.00000
   0.65830,   0.00000
   0.61772,   0.00000
  -0.38777,   0.00000
   0.45729,   0.00000
  -0.05412,   1.00000
  -0.77587,   0.00000
  -0.15221,   0.00000
   0.81640,   1.00000
   0.78542,   1.00000
   0.34824,   0.00000
   0.86269,   0.00000
   0.21745,   0.00000
  -0.07583,   0.00000
   0.66835,   1.00000
  -0.16929,   0.00000
  -0.81084,   1.00000
   0.74590,   0.00000
  -0.92076,   0.00000
   0.64829,   0.00000
  -0.28701,   0.00000
  -0.51745,   0.00000
  -0.30006,   0.00000
   0.97651,   0.00000
  -0.60885,   0.00000
  -0.92344,   0.00000
   0.62068,   1.00000
  -0.16762,   0.00000
  -0.50982,   0.00000
   0.19932,   0.00000
   0.46846,   0.00000
  -0.80203,   0.00000
  -0.27868,   0.00000
  -0.12428,   0.00000
  -0.77064,   0.00000
  -0.53577,   0.00000
   0.17732,   0.00000
  -0.39697,   0.00000
   0.32751,   1.00000
  -0.28733,   0.00000
  -0.66245,   0.00000
  -0.26529,   1.00000
  -0.34976,   1.00000
  -0.83182,   0.00000
   0.59136,   0.00000
  -0.94314,   1.00000
  -0.84176,   1.00000
  -0.12128,   0.00000
   0.06822,   1.00000
   0.62069,   0.00000
  -0.25355,   0.00000
   0.63529,   0.00000
   0.01938,   0.00000
  -0.35356,   0.00000
  -0.50085,   1.00000
  -0.31021,   1.00000
  -0.62855,   0.00000
  -0.32247,   1.00000
  -0.36819,   0.00000
  -0.71193,   1.00000
  -0.96179,   1.00000
   0.87572,   1.00000
  -0.12500,   0.00000
   0.40442,   1.00000
  -0.76292,   1.00000
  -0.47384,   0.00000
   0.83834,   1.00000
   0.50418,   0.00000
  -0.47661,   0.00000
   0.49475,   0.00000
   0.60007,   1.00000
